<?xml version="1.0" encoding="UTF-8"?>
<metadata xml:lang="en"><Esri><CreaDate>20130314</CreaDate><CreaTime>12015800</CreaTime><SyncOnce>TRUE</SyncOnce><DataProperties><lineage><Process ToolSource="C:\Program Files (x86)\ArcGIS\Desktop10.0\ArcToolbox\Toolboxes\Data Management Tools.tbx\Project" Date="20130314" Time="115635">Project *******Trout****\W23321.WT_TROUT_WATER_LN_SV D:\TROUT_CLASSnREGS\troutclass_geograph_proj.shp GEOGCS['GCS_WGS_1984',DATUM['D_WGS_1984',SPHEROID['WGS_1984',6378137.0,298.257223563]],PRIMEM['Greenwich',0.0],UNIT['Degree',0.0174532925199433]] NAD_1983_HARN_To_WGS_1984 PROJCS['NAD_1983_HARN_Transverse_Mercator',GEOGCS['GCS_North_American_1983_HARN',DATUM['D_North_American_1983_HARN',SPHEROID['GRS_1980',6378137.0,298.257222101]],PRIMEM['Greenwich',0.0],UNIT['Degree',0.0174532925199433]],PROJECTION['Transverse_Mercator'],PARAMETER['False_Easting',520000.0],PARAMETER['False_Northing',-4480000.0],PARAMETER['Central_Meridian',-90.0],PARAMETER['Scale_Factor',0.9996],PARAMETER['Latitude_Of_Origin',0.0],UNIT['Meter',1.0]]</Process></lineage><itemProps><itemLocation><linkage Sync="TRUE">file://\\NRCOWT315000304\C$\TEMP\WI_Trout_Class_Lines_GCS_WGS_1984_proj</linkage><protocol Sync="TRUE">Local Area Network</protocol></itemLocation></itemProps><copyHistory><copy source="D:\TROUT_CLASSnREGS\WI_Trout_Class_Lines_GCS_WGS_1984_proj" dest="\\NRCOWT315000304\C$\TEMP\WI_Trout_Class_Lines_GCS_WGS_1984_proj" date="20130314" time="12015800"></copy></copyHistory></DataProperties></Esri></metadata>
